y1,y2,y3,y4,fidelity,mse,parameters,,,,,,,,,,,,
0.14601368897436100,0.6976209584330600,0.6976209584330600,0.07300684448718070,1.0,0.028771492681719200,[ 1.4708411   2.82818846  0.36339306 -0.49507063],,,,,,,,,,,,
0.7169574460958400,0.40219564049278800,0.03497353395589460,0.568319926783288,0.99609375,0.017801648773437100,[0.91377059 0.39088927 1.01680088 0.45029544],,,,,,,,,,,,
0.613553945638983,0.030677697281949200,0.7592730077282420,0.21474388097364400,1.0,0.009949513735955210,[0.2949176  0.98544285 0.17233272 0.79796194],,,,,,,,,,,,
0.5989769942353000,0.17498204325975000,0.39707463662789500,0.6730078586913480,0.998046875,0.04451840430322310,[0.84833246 0.6141402  0.87686489 1.02314562],,,,,,,,,,,,
0.07387798506638410,0.2862771921322380,0.2770424439989400,0.9142400651965030,0.998046875,0.009329241236352090,[2.15102422 1.65773216 0.41783932 1.00706514],,,,,,,,,,,,
0.6360483186617120,0.7450851732894340,0.19990090015082400,0.01817280910462040,1.0,0.032393529550394100,[-0.30771564  0.29944974  1.72773568  0.00525306],,,,,,,,,,,,
0.3602652528751220,0.6805010332085640,0.19214146820006500,0.6084479826335400,0.9921875,0.10294418236422600,[ 0.21270015  1.47120503  2.0364305  -0.2026287 ],,,,,,,,,,,,
0.9162154149771210,0.3798941964539280,0.07821351103463230,0.10056022847309900,1.0,0.03853109929580170,[ 0.11938673  0.70508874  0.63994169 -0.48857165],,,,,,,,,,,,
0.32107548299407000,0.32107548299407000,0.8907255334674210,0.020714547289940000,0.998046875,0.042702432696107300,[ 1.03122061  2.39135221 -0.47343892  0.26482347],,,,,,,,,,,,
0.5582768021144910,0.6037179371703220,0.5582768021144910,0.11035704227844600,0.99609375,0.051834685172215900,[-0.6036368   0.62622762  1.61562691  0.43168406],,,,,,,,,,,,
0.8065949928844100,0.20844589703754400,0.018125730177177700,0.5528347704039210,0.99609375,0.14278014607468800,[1.20497045 0.18651473 0.88824845 0.56806302],,,,,,,,,,,,
0.14325558106324500,0.5620026641711930,0.7493368855615910,0.31957014237185500,1.0,0.017447850043214200,[1.24708536 2.5079435  0.22233972 0.16072264],,,,,,,,,,,,
0.255608593705383,0.7242243488319190,0.6390214842634580,0.0426014322842305,0.94140625,0.10216729389615200,[ 1.06681556  2.44698078  0.8251695  -0.66882972],,,,,,,,,,,,
0.5998183048873510,0.08952512013244050,0.6445808649535720,0.4655306246886910,0.9921875,0.06297237288405650,[0.56318219 0.67646082 0.4740785  0.9840702 ],,,,,,,,,,,,
0.6713962542824570,0.687973939573382,0.27353180730026000,0.03315537058184970,0.97265625,0.19712678659277700,[-0.1470463   1.18500143  1.42724178 -0.73006313],,,,,,,,,,,,
0.8891874999995190,0.2301426470586990,0.24060367647045800,0.3138308823527720,1.0,0.046133727091369300,[0.35832719 0.10724379 0.58595265 0.51963509],,,,,,,,,,,,
0.4830482847693420,0.22486730497883100,0.14991153665255400,0.8328418702919680,1.0,0.04366194358832660,[1.44319898 0.69699607 0.89463598 0.78011613],,,,,,,,,,,,
0.25718999332277100,0.29393142094030900,0.9185356904384660,0.06123571269589770,0.87890625,0.17323221197653100,[0.06600705 1.43091293 0.04348256 1.48275926],,,,,,,,,,,,
0.5617186733439610,0.4721693196224600,0.48845102029909600,0.4721693196224600,0.9921875,0.09459014278230980,[0.46644595 1.02041183 0.97988338 0.3923082 ],,,,,,,,,,,,
0.288508222100607,0.4568046849926280,0.8414823144601040,0.0,1.0,0.021555004773808400,[-1.14567958  0.58279571  1.2044807   1.28747052],,,,,,,,,,,,
0.6281137984298430,0.08858015106061890,0.7730631365290370,0.0,1.0,0.022217072690493200,[-0.10134415 -0.00949333  0.17278601  1.81051476],,,,,,,,,,,,
0.08292884288627290,0.5212670124280010,0.7819005186420020,0.33171537154509200,0.998046875,0.02341784944957890,[ 0.93682013  2.84503738  0.75206306 -0.27755625],,,,,,,,,,,,
0.42211588240886900,0.16080605044147400,0.22110831935702700,0.8643325211229220,1.0,0.04108180072365990,[1.35453344 0.9147345  1.07057676 1.13806102],,,,,,,,,,,,
0.13486899530238900,0.6535959003115770,0.2386143763042270,0.7054685908124960,0.982421875,0.0995626786148345,[0.27119306 1.76742455 2.5285853  0.02099811],,,,,,,,,,,,
0.16660954012971300,0.8700720428996120,0.22214605350628400,0.4072677647615200,0.998046875,0.033260600131427100,[-0.37050253  0.50060383  2.84897918  0.35834801],,,,,,,,,,,,
0.33851940997405200,0.17438878695633000,0.7078133117639270,0.5949735084392430,0.994140625,0.04712351482142710,[0.6693527  1.20711901 0.63093468 1.19790517],,,,,,,,,,,,
0.5887968752416450,0.10093660718428200,0.17663906257249400,0.782258705678186,0.998046875,0.03592531793736970,[1.54535508 0.47703782 0.72626431 0.89506123],,,,,,,,,,,,
0.33597529423259100,0.17208490680205900,0.7457012628089220,0.5490327978922830,1.0,0.026927709087081900,[0.50084221 1.24808873 0.76997387 1.08022057],,,,,,,,,,,,
0.7295190043087880,0.0948374705601424,0.5106633030161510,0.44500659262836000,1.0,0.024554053700241400,[0.67867309 0.56631116 0.33010305 0.76366497],,,,,,,,,,,,
0.7301286316101320,0.572059546416186,0.12043358871919700,0.3537736668626410,0.994140625,0.0605886362579139,[ 0.65568613  0.69962222  0.91735564 -0.24745999],,,,,,,,,,,,
0.18448353534095600,0.7714766023349080,0.23479722679758100,0.5618362212656400,0.986328125,0.046401887681210500,[ 0.7718485   1.5084723   1.88647053 -0.27074827],,,,,,,,,,,,
0.37884229079112100,0.46375521803740600,0.6335810725299780,0.48988227257472500,0.98828125,0.14418929174864700,[0.78374264 1.58505985 0.8318711  0.36748132],,,,,,,,,,,,
0.5432043799885800,0.5087152130051780,0.4224922955466740,0.5173375047510290,0.998046875,0.029631020127936400,[0.28506353 0.8963097  1.36367446 0.5500915 ],,,,,,,,,,,,
0.028474739872575000,0.7498348166444740,0.5600032174939740,0.35118845842842500,0.998046875,0.014912296867663200,[ 1.95607552  2.71150907 -0.04044937  0.42810042],,,,,,,,,,,,
0.343790851628475,0.30412267644057400,0.6148567154124650,0.6413021655377320,0.990234375,0.08932215379913700,[0.91349395 1.67065262 0.62562286 0.44358552],,,,,,,,,,,,
0.1151735437136500,0.35319886738852500,0.660328317291591,0.6526500810440150,0.998046875,0.05762804528225150,[1.0278811  2.05590115 0.6653445  0.56574247],,,,,,,,,,,,
0.0,0.7153987666044430,0.35393412663588200,0.6024410666142680,1.0,0.023960146398329400,[2.12614444 2.22612555 0.33601231 0.40064541],,,,,,,,,,,,
0.7096661947545750,0.07569772744048790,0.43526193278280600,0.5488085239435380,0.998046875,0.07435338397131700,[1.26596435 0.69612416 0.01625774 0.48342645],,,,,,,,,,,,
0.3954618655677540,0.4506425909958130,0.018393575142686300,0.800120518706852,1.0,0.04562942420930770,[1.87224695 0.83069199 0.56798077 0.01491799],,,,,,,,,,,,
0.6726450008752570,0.42125242479056500,0.5707290916517330,0.21062621239528200,0.994140625,0.02654480451987070,[-0.21117001  0.86295903  1.10780812  0.44165162],,,,,,,,,,,,
0.22528910513419700,0.4240736096643710,0.39756900906034700,0.7818857178186830,0.998046875,0.039860028073857200,[0.88190593 1.49616932 1.35062424 0.65922836],,,,,,,,,,,,
0.5432286750824410,0.5723302112475720,0.5917312353576590,0.1649087049357410,0.955078125,0.22504372222704800,[-0.42291647  1.2936601   1.53904811 -0.11585316],,,,,,,,,,,,
0.45725464463530900,0.26854637859534000,0.7185430129983420,0.44999663440300200,0.998046875,0.035453791712288300,[0.31221979 1.32813368 0.72923393 0.65413032],,,,,,,,,,,,
0.6334204545129840,0.3447731587855480,0.553240650144252,0.41693498271740700,0.99609375,0.05548381108327060,[0.18174898 0.94243269 0.88204577 0.60042745],,,,,,,,,,,,
0.38760126648920700,0.2422507915557550,0.7752025329784150,0.4360514248003580,0.982421875,0.10977285952868600,[0.57572097 1.46845333 0.64430887 0.82136767],,,,,,,,,,,,
0.34480575789809600,0.7148412053984920,0.058869275738699300,0.6055125504551930,1.0,0.02895466274670620,[0.38424666 0.57265282 2.25894615 0.63814193],,,,,,,,,,,,
0.6469315242532830,0.03404902759227800,0.7235418363359080,0.23834319314594600,0.99609375,0.06627444389690990,[0.45454648 0.75126841 0.1637442  0.86944152],,,,,,,,,,,,
0.6064198023852800,0.26866700105676900,0.3377528013285100,0.6678294026268270,1.0,0.03475422922214240,[0.9469639  0.69970197 0.95219917 0.82219721],,,,,,,,,,,,
0.574338100245548,0.1276306889434550,0.4679791927926690,0.6594252262078510,1.0,0.075071495340883,[1.24529094 0.75891909 0.48057153 0.80322809],,,,,,,,,,,,
0.007062950084281070,0.7062950084281070,0.296643903539805,0.6427284576695780,0.9921875,0.02238794037289120,[ 1.52893705  2.12085199  1.27476094 -0.05375393],,,,,,,,,,,,
0.07150842452385810,0.6614529268456870,0.7150842452385810,0.21452527357157400,0.998046875,0.028699216039966700,[1.55963683 2.80613213 0.01383143 0.1883407 ],,,,,,,,,,,,
0.20557029656194700,0.893783898095422,0.2681351694286270,0.29494868637148900,0.99609375,0.030980813420116100,[-0.30004883  0.5036864   2.71401406  0.19426189],,,,,,,,,,,,
0.7401349177750390,0.11686340806974300,0.3116357548526480,0.5843170403487150,0.998046875,0.04536759337572910,[1.07748696 0.3466903  0.51481522 0.85180484],,,,,,,,,,,,
0.09363291775690450,0.7490633420552360,0.023408229439226100,0.6554304242983310,0.994140625,0.012866541062790900,[ 2.76173744  1.53554428  0.3622879  -0.17466482],,,,,,,,,,,,
0.49477208954536600,0.20932665326919300,0.5835773363868420,0.6089502640558350,1.0,0.03045477376789510,[0.84005207 1.06678016 0.57137491 0.86266098],,,,,,,,,,,,
0.5662975580414680,0.7519688885468680,0.04641783262634990,0.33420839490971900,1.0,0.03566795066688000,[0.39801491 0.25417396 1.88619432 0.41292656],,,,,,,,,,,,
0.6898802245538940,0.17247005613847300,0.45992014970259600,0.5317826730936270,1.0,0.015941484646986800,[0.82419038 0.6641392  0.47760448 0.6723117 ],,,,,,,,,,,,
0.02212275685753490,0.4092710018643960,0.8406647605863280,0.35396410972055900,0.9921875,0.05554264910730990,[0.79589951 2.45284391 0.38046605 0.40574148],,,,,,,,,,,,
0.4759812657460630,0.6663737720444880,0.4623818010104610,0.33998661839004500,0.99609375,0.08106545237113030,[ 1.10473198  1.83982209  0.4833898  -0.4050021 ],,,,,,,,,,,,
0.25186528809666800,0.39878670615305800,0.6926295422658370,0.5457081242094480,1.0,0.04499827746159890,[1.17095747 1.94164061 0.40864874 0.40975053],,,,,,,,,,,,
0.6333071110036410,0.007916338887545520,0.6649724665538230,0.39581694437727600,0.994140625,0.04259181714051060,[0.51977894 0.58732599 0.31873714 1.14926195],,,,,,,,,,,,
0.7669279695205480,0.3102180550869630,0.19819486852778200,0.5256472600084650,0.9921875,0.06631508189955770,[1.03771463 0.50481482 0.61308532 0.31787023],,,,,,,,,,,,
0.603768543106847,0.28175865344986200,0.7379393304639240,0.10733662988566200,0.990234375,0.10074170594758600,[-0.30350296  1.14264333  0.77115878  0.43164651],,,,,,,,,,,,
0.3097315126985080,0.8472067847341550,0.4281582675538200,0.05465850224091320,0.984375,0.0497171171343796,[ 1.23148937  2.26684262  1.01951297 -1.33307636],,,,,,,,,,,,
0.6234331993001490,0.20560031040749600,0.4045683527373310,0.6366977354554710,1.0,0.03615337276663520,[0.93705274 0.68574338 0.65734009 0.73971018],,,,,,,,,,,,
0.11906636995246600,0.5238920277908530,0.6905849457243060,0.48420323780669700,1.0,0.034226484236725100,[1.45150753 2.23261281 0.23968976 0.40863544],,,,,,,,,,,,
0.6344687510533600,0.3076212126319320,0.19226325789495800,0.6825345655270990,0.998046875,0.036373331259081100,[1.34483464 0.5846638  0.55460134 0.33637734],,,,,,,,,,,,
0.5919103643397670,0.7710411324952220,0.02336488280288550,0.23364882802885500,0.99609375,0.054377702011262000,[0.1895857  0.20227791 1.75303516 0.24013269],,,,,,,,,,,,
0.5863897423317630,0.27131465689977100,0.3413313425513250,0.6826626851026490,0.998046875,0.052176925791467800,[1.24016406 0.91872127 0.4897902  0.56025489],,,,,,,,,,,,
0.24351398501216500,0.6331363610316290,0.6679240731762240,0.30613186687243600,1.0,0.04125715993852160,[ 1.25148769  2.28715727  0.34135825 -0.14957071],,,,,,,,,,,,
0.3445281176597070,0.6890562353194140,0.6010916095339570,0.21258117898152100,0.8203125,0.4053888032578890,[0.40318284 1.32461327 1.02603663 0.2107238 ],,,,,,,,,,,,
0.06740160649599500,0.09436224909439300,0.9436224909439300,0.3100473898815770,0.97265625,0.0861827307980888,[0.41141038 2.3269338  0.06973878 0.7642243 ],,,,,,,,,,,,
0.5724799346708840,0.49351718506110700,0.651442684280661,0.0658022913414809,0.998046875,0.03370444489195950,[-0.60240415  0.31927161  1.0753952   1.08052132],,,,,,,,,,,,
0.6461217229774960,0.40471360670019000,0.6461217229774960,0.03550119357019210,1.0,0.019608061797077000,[-0.52411643  0.47033233  0.95147664  0.89547478],,,,,,,,,,,,
0.24214029368137900,0.10492746059526400,0.6779928223078600,0.6860641654305730,1.0,0.022217155764697100,[0.34396261 0.93337817 1.22427416 1.72113405],,,,,,,,,,,,
0.3445074888106040,0.7771448003402000,0.28842487435306400,0.44064911359495800,0.99609375,0.0453083041520916,[-0.10082175  1.15728542  2.31994502 -0.14993224],,,,,,,,,,,,
0.43953128975714900,0.3986446581518320,0.5213045529677810,0.6132994740797420,0.99609375,0.024745245735644200,[0.57506152 1.30999104 1.03649562 0.54499652],,,,,,,,,,,,
0.09706450818307540,0.23295481963938100,0.2232483688210730,0.9415257293758310,0.998046875,0.019809713318376200,[2.16289524 1.39311805 0.44629037 0.92552969],,,,,,,,,,,,
0.11259790597991500,0.4410084650880010,0.7788021830277460,0.4316253062563410,0.99609375,0.05860490324226420,[1.11364538 2.34423727 0.41507803 0.3189422 ],,,,,,,,,,,,
0.4511841125083420,0.24133103692306700,0.8499049561203660,0.1259118453511650,0.974609375,0.07604163676153060,[-0.53671396  1.05704275  0.71699578  1.09341771],,,,,,,,,,,,
0.1352626465231290,0.728337327432231,0.18728674133971700,0.6450987757256900,0.9921875,0.030342257132665400,[ 0.02256771  1.51809118  2.60953963 -0.0339606 ],,,,,,,,,,,,
0.5094819741302640,0.5834390348911090,0.2629584382607810,0.5752215836954590,1.0,0.034900849432065400,[0.49126478 0.89573948 1.47272371 0.39078757],,,,,,,,,,,,
0.4327720403228290,0.22863428545357000,0.6287442849973180,0.6042477544130070,0.998046875,0.04289635011113140,[0.52951948 1.08305314 0.84631802 1.00379162],,,,,,,,,,,,
0.6920539286303270,0.3824508552957070,0.5645703101984250,0.23675529137353300,0.994140625,0.05527802417495810,[0.13075506 1.12991574 0.83456629 0.26764693],,,,,,,,,,,,
0.44029838225489300,0.15879613786242000,0.5990945201173140,0.6496205639826290,1.0,0.031477104957903900,[0.72879542 0.92955886 0.886733   1.18146175],,,,,,,,,,,,
0.5082920853001320,0.19484529936505100,0.016943069510004400,0.8386819407452180,1.0,0.009597431510549600,[1.95812193 0.38248555 0.35070133 0.18507644],,,,,,,,,,,,
0.4397989080239160,0.4687330467097000,0.5150276686069540,0.5671091182413650,1.0,0.04337652696885680,[0.56553089 1.41174084 1.08825586 0.36233866],,,,,,,,,,,,
0.18151995109689900,0.8008233136627890,0.1708423069147280,0.5445598532906960,0.99609375,0.03409907377141030,[ 0.01353755  1.49280615  2.52545855 -0.29509876],,,,,,,,,,,,
0.05730118034771080,0.35526731815580700,0.8251369970070350,0.43548897064260200,1.0,0.018615692507818700,[0.91447241 2.36449869 0.41175478 0.51118378],,,,,,,,,,,,
0.3263230920738310,0.5093823876274430,0.023877299420036400,0.79590998066788,0.994140625,0.07226493801754700,[2.15981101 0.92566289 0.53359268 0.05963349],,,,,,,,,,,,
0.8681787349810710,0.12972785695119400,0.0,0.4789951641274870,1.0,0.015718243979078600,[ 0.98950504 -0.21116506  0.85279961  0.8348472 ],,,,,,,,,,,,
0.8179507503188790,0.5485081502138370,0.00962295000375152,0.17321310006752700,0.998046875,0.03664556964991480,[ 0.41462511 -0.28322788  1.29956643  0.5410964 ],,,,,,,,,,,,
0.5778173001649760,0.12164574740315300,0.547405863314188,0.5930230185903700,0.998046875,0.020930338007780400,[0.83580958 0.63421226 0.67773168 1.17052285],,,,,,,,,,,,
0.24300461591651900,0.5832110781996470,0.43740830864973500,0.6399121552468340,0.99609375,0.066690947218808,[0.97336194 1.63735959 1.17621449 0.16027894],,,,,,,,,,,,
0.8573131628862510,0.22800881991655600,0.22800881991655600,0.4012955230531390,1.0,0.023632301437335600,[0.65112717 0.2956442  0.51826726 0.36722469],,,,,,,,,,,,
0.3103950612763300,0.7640493816032740,0.5650781884774220,0.023876543175102300,0.998046875,0.059724975005258200,[ 1.36329986  2.7523247   0.79652196 -1.1345933 ],,,,,,,,,,,,
0.1257294654382120,0.7395850908130140,0.39198009813089700,0.5325012653853700,1.0,0.01343676890802390,[ 1.36885913  2.02319178  1.06458177 -0.26307872],,,,,,,,,,,,
0.03956282840374720,0.25056457989039900,0.9495078816899330,0.18462653255082000,0.994140625,0.0021952786392061400,[0.59511728 2.59565835 0.06924662 0.53309655],,,,,,,,,,,,
0.6991493159707590,0.1879433645082690,0.2405675065705840,0.6465251739084440,1.0,0.010449887625950000,[1.09649434 0.38866254 0.77817287 0.72569266],,,,,,,,,,,,
0.3078098896932790,0.3303325645488850,0.6982029205237790,0.5555593131049420,0.998046875,0.03662486411995420,[0.62965659 1.93576773 0.80532445 0.35981498],,,,,,,,,,,,
0.05061049150617490,0.7085468810864490,0.5856356874285950,0.39042379161906400,1.0,0.014806732626335400,[ 1.23497751  2.52207494  1.08053514 -0.48040982],,,,,,,,,,,,
0.030393873212678200,0.16716630266973000,0.44071116158383500,0.8814223231676690,0.99609375,0.03386563923560020,[1.07636773 1.71912813 1.19430551 1.30949481],,,,,,,,,,,,
0.1968418433999310,0.9732735590329930,0.06561394779997700,0.09842092169996560,1.0,0.004921699067182140,[-0.31546994  1.08773992  3.00949982 -0.90368059],,,,,,,,,,,,
0.5847296379647570,0.2036698738978370,0.545309662371627,0.5650196501681920,1.0,0.049601934544214100,[0.65579823 0.90375283 0.65838979 0.73170491],,,,,,,,,,,,
0.676283111687198,0.24592113152261700,0.6916531824073620,0.061480282880654400,0.966796875,0.12779130685032800,[0.09894261 0.99747602 0.2996503  0.4310047 ],,,,,,,,,,,,
0.5748989524238730,0.5561522474535300,0.31244508283906200,0.5124099358560610,0.998046875,0.0291842258093761,[0.54809159 1.04952341 1.19224468 0.12162844],,,,,,,,,,,,
0.7150111380935300,0.6679709316400080,0.15052866065126900,0.1411206193605650,1.0,0.008908517228832010,[-0.0280487   0.04171009  1.5099792   0.36406311],,,,,,,,,,,,
0.295283996191801,0.8250582246535620,0.399501877200672,0.26922952593958300,0.998046875,0.06519319136502650,[-0.58145372  0.52113683  2.43008186  0.4467217 ],,,,,,,,,,,,
0.8030121266988960,0.2890843656116030,0.4336265484174040,0.2890843656116030,1.0,0.0509688155349197,[0.19693956 0.69265511 0.78904761 0.40613019],,,,,,,,,,,,
0.180790152556264,0.44293587376284700,0.30734325934564900,0.8225951941310010,0.99609375,0.03995916240853050,[1.54641275 1.46815187 0.95667664 0.51851694],,,,,,,,,,,,
0.49204596755489300,0.5567888580226420,0.6085831703968420,0.27839442901132100,0.990234375,0.1038295357294440,[-0.38459516  0.88894347  1.53602485  0.51770389],,,,,,,,,,,,
0.3042727018606140,0.4792295054304670,0.6998272142794120,0.4335886001513750,0.96484375,0.15979510679439200,[-0.05848973  0.70854597  1.35882539  1.23430809],,,,,,,,,,,,
0.04750845494789380,0.22170612309017100,0.578019535199374,0.7838895066402470,1.0,0.005919385947659190,[0.9807413  1.86294931 0.96391244 0.99670899],,,,,,,,,,,,
0.25721832767315000,0.20363117607457700,0.05358715159857280,0.9431338681348820,1.0,0.014797706877924200,[2.33390193 0.93437694 0.51806656 0.60470358],,,,,,,,,,,,
0.4119069300004400,0.5895922723535710,0.6945881564713300,0.01615321294119370,0.99609375,0.011723187144845300,[-1.03961579  0.2108094   1.2797416   1.14167429],,,,,,,,,,,,
0.4031438996769590,0.5023793211359020,0.5023793211359020,0.57680588723011,0.99609375,0.06621703789619590,[0.96568062 1.5005752  0.79510468 0.2847039 ],,,,,,,,,,,,
0.354089301566702,0.7632591611548910,0.3619579527126290,0.40130120844226200,0.98828125,0.08153394113292740,[-0.2361367   1.29753696  2.29488032 -0.24273626],,,,,,,,,,,,
0.0,0.27686231571057000,0.57001064999235,0.7735858821324750,1.0,0.00470643820262653,[1.01819579 1.90712594 0.94819699 0.91526321],,,,,,,,,,,,
0.44857383978944500,0.6055746837157500,0.3663353024947130,0.5457648384104910,1.0,0.033542307399322,[0.50020609 1.37133137 1.36969085 0.02739026],,,,,,,,,,,,
0.1521671713817070,0.5199045022208310,0.6974328688328220,0.4691821117602620,1.0,0.010074880566866100,[1.36705103 2.18844257 0.22890533 0.39698954],,,,,,,,,,,,
0.7477484608431620,0.32900932277099100,0.13459472295176900,0.5608113456323720,0.998046875,0.021834954101535100,[0.96578505 0.42098512 0.81853461 0.44449095],,,,,,,,,,,,
0.6709363941370320,0.06970767731293840,0.37467876555704400,0.6360825554805630,0.998046875,0.023593271411956500,[1.14373292 0.39960127 0.51883529 0.88758614],,,,,,,,,,,,
0.21239131000891800,0.08495652400356710,0.6711565396281800,0.7051391492296070,0.98828125,0.0782789474818723,[0.629799   1.53739178 0.87491187 1.16693508],,,,,,,,,,,,
0.6373156135055220,0.1980845825760410,0.7406640913712830,0.07751135839932030,0.994140625,0.06281447118876020,[-0.20621544  0.88658712  0.53449681  0.88978172],,,,,,,,,,,,
0.18857796333127900,0.1795980603155030,0.6645128231673630,0.7004324352304630,0.99609375,0.023081338820613300,[0.91227103 1.63677294 0.70051888 1.05312628],,,,,,,,,,,,
0.917056654630137,0.1667375735691160,0.05954913341754140,0.35729480050524800,0.998046875,0.014881341808270300,[ 0.69214428 -0.16904712  0.67641959  0.55365885],,,,,,,,,,,,
0.0,0.37049347571799100,0.06946752669712340,0.9262336892949780,1.0,0.01764891055158580,[1.93070235 1.66983818 1.07205472 0.89022219],,,,,,,,,,,,
0.3533696105538150,0.2802586566461290,0.07311095390768580,0.889516605876844,0.9921875,0.044207737835960700,[2.07444293 0.83650599 0.6844873  0.5377775 ],,,,,,,,,,,,
0.5932644782761720,0.6706468015295850,0.43849983176934400,0.0773823232534137,0.994140625,0.022058004074818600,[-0.43039602  0.01488764  1.52373017  0.85671972],,,,,,,,,,,,
0.6289615569626870,0.08776207771572380,0.24865922019455100,0.7313506476310320,1.0,0.032176611074144400,[1.42930506 0.53272179 0.51894559 0.71262338],,,,,,,,,,,,
0.22640388699960300,0.9056155479984120,0.17415683615354100,0.3134823050763730,0.951171875,0.18820778556707200,[ 0.24638849  0.96761365  2.19609816 -0.05856635],,,,,,,,,,,,
0.5325437009827680,0.36655605392320400,0.5394598529435830,0.5394598529435830,1.0,0.015668880181673200,[0.27710508 0.89010521 1.17928821 0.80636217],,,,,,,,,,,,
0.7073245200003880,0.297820850526479,0.16131962736850900,0.6204601052634980,1.0,0.05797369057060360,[1.12982814 0.47998013 0.86260061 0.50508717],,,,,,,,,,,,
0.6036714217152220,0.33464394029865600,0.6233563593798490,0.3674521697397000,0.99609375,0.11440036433324300,[0.44294609 1.15026748 0.66946866 0.66349431],,,,,,,,,,,,
0.9687364957831050,0.0,0.16145608263051700,0.18836542973560400,1.0,0.011773647173011800,[ 0.34494403  0.14450981 -0.03489874  0.16188441],,,,,,,,,,,,
0.9604522532065510,0.1477618851087000,0.0422176814596286,0.2321972480279570,1.0,0.0077911752909251200,[ 0.46117116  0.29079414  0.23183142 -0.20904092],,,,,,,,,,,,
0.6996820349597480,0.48159932276450100,0.527033221138511,0.027260339024405700,0.900390625,0.21099920504176200,[0.26672921 1.14257381 0.482812   0.04522597],,,,,,,,,,,,
0.8462781539160830,0.295687547753812,0.4078448934535340,0.1733340797177520,1.0,0.010557533210450200,[0.00447233 0.73978246 0.67537102 0.17513072],,,,,,,,,,,,
0.618433024951119,0.40989165607225300,0.5249489630399030,0.41708273775773100,0.990234375,0.07799535667641430,[0.40266472 0.93596821 0.83896178 0.48691883],,,,,,,,,,,,
0.4384206860442090,0.6541514998119940,0.06959058508638230,0.6123971487601650,0.990234375,0.0715849943094029,[0.80462701 0.58669948 1.76635404 0.52535316],,,,,,,,,,,,
0.6492150632228990,0.0,0.06955875677388200,0.7574175737600490,1.0,0.020463754113576400,[1.63330833 0.19220662 0.30932012 0.39179899],,,,,,,,,,,,
0.0685221537170218,0.44049955960942600,0.8907879983212830,0.08809991192188520,0.99609375,0.07823056998861720,[ 1.11527274  2.85287272 -0.24605741  0.31872116],,,,,,,,,,,,
0.08544009678659650,0.6621607500961230,0.6194407017028240,0.4129604678018830,0.990234375,0.08537054698126980,[ 1.59161415  2.49634952  0.43408736 -0.01801964],,,,,,,,,,,,
0.33713519615611400,0.4668025792930810,0.769359806612671,0.2766237506921960,0.966796875,0.14863260634526400,[-0.41017595  1.09658759  1.47353418  0.95293907],,,,,,,,,,,,
0.6282043314837980,0.6980048127597760,0.1396009625519550,0.3141021657418990,0.99609375,0.10859122283376600,[ 0.76959144  1.06761709  0.91733604 -0.54036364],,,,,,,,,,,,
0.3403485038492140,0.574338100245548,0.5956098817361240,0.44670741130209300,0.892578125,0.27559983306521800,[0.22258426 0.73057465 1.39657301 0.82594915],,,,,,,,,,,,
0.6372090632164020,0.6513692646212110,0.37524533722743700,0.16992241685770700,0.9921875,0.06895411121921880,[-0.14260292  0.88525195  1.57318391 -0.05820983],,,,,,,,,,,,
0.23690562505090000,0.5838031474468600,0.15229647324700700,0.7614823662350340,0.99609375,0.03846971027184430,[0.54594521 1.0887304  2.05906952 0.56528658],,,,,,,,,,,,
0.8266666666666670,0.0,0.13333333333333300,0.5466666666666670,0.994140625,0.01797330726446930,[1.08305307 0.05839096 0.30553876 0.51037059],,,,,,,,,,,,
0.3337969573876650,0.23109020126838400,0.6419172257455100,0.6504761220887840,0.994140625,0.07564077062463120,[0.8729488  1.36941533 0.56442009 1.00236724],,,,,,,,,,,,
0.16645082370971300,0.528726145901442,0.009791224924100780,0.8322541185485660,0.998046875,0.02856454493661600,[2.35688118 1.24469906 0.55909757 0.13469576],,,,,,,,,,,,
0.4692147123113290,0.6744961489475350,0.4887653253243010,0.2932591951945800,0.970703125,0.23208940076366500,[-0.06341992  1.01319453  1.47691322  0.24192446],,,,,,,,,,,,
0.4539874776174380,0.6681325142294360,0.34263205857919800,0.47968488201087700,0.994140625,0.053461557895101700,[0.14357566 0.94137518 1.77778843 0.28033026],,,,,,,,,,,,
0.301101729745329,0.4475836523241380,0.33365326809617500,0.7730990358326020,1.0,0.0239885245375115,[1.37856305 1.47184841 0.84021886 0.48941361],,,,,,,,,,,,
0.6319141232895320,0.5145586432500480,0.4603945755395160,0.35206644011845400,0.99609375,0.04810033405142310,[0.11819467 0.92515226 1.2473465  0.29570004],,,,,,,,,,,,
0.246547968047826,0.6827482192093640,0.6637829908979930,0.1801696689580270,0.775390625,0.4470805049314890,[-0.26306281  1.22808294  1.37398561  0.21846537],,,,,,,,,,,,
0.5728918992315460,0.6649638116080450,0.13299276232160900,0.46035956188249300,1.0,0.02793832374197840,[0.37340681 0.53912017 1.64387433 0.3754409 ],,,,,,,,,,,,
0.45178123045699500,0.7298004491997620,0.24326681639992100,0.45178123045699500,0.994140625,0.09620313859286450,[0.25407184 1.05479837 1.74234783 0.10694001],,,,,,,,,,,,
0.7523686569158380,0.3761843284579190,0.0,0.5407649721582590,1.0,0.01884518680140820,[ 0.94363016 -0.22024462  1.64521587  1.1297151 ],,,,,,,,,,,,
0.46609732145806100,0.6947488376450340,0.4045372978692600,0.369360141532803,0.984375,0.12987112632291300,[ 0.45024916  1.5421358   1.29276346 -0.32708032],,,,,,,,,,,,
0.3481768058547570,0.6667215431261310,0.6148654231052090,0.23705654866706900,0.99609375,0.0715933750508541,[-0.74913501  0.53202564  2.11356584  0.59929743],,,,,,,,,,,,
0.07109496297811310,0.5954203149416970,0.6931758890366020,0.39990916675188600,1.0,0.0025523398417559300,[1.50129858 2.44806083 0.1550991  0.37565685],,,,,,,,,,,,
0.4083392650143990,0.3839608014314500,0.6094615895737300,0.5607046624078320,1.0,0.014358726944318200,[0.53219546 1.57883102 0.97363055 0.34839283],,,,,,,,,,,,
0.36593983833696400,0.0508249775468005,0.4675897934305650,0.8030346452394480,0.99609375,0.05666397827239060,[1.16559347 0.96534392 0.72745153 1.20029134],,,,,,,,,,,,
0.3542428671456800,0.7872063714348440,0.03148825485739380,0.5038120777183000,1.0,0.032355176890103800,[ 0.50015785  0.92840803  1.97460412 -0.00841832],,,,,,,,,,,,
0.7332668268866060,0.19998186187816500,0.37139488634516400,0.5332849650084410,1.0,0.01350325648736190,[0.87194044 0.66433046 0.48883056 0.46943588],,,,,,,,,,,,
0.3565248796198520,0.55028840115238,0.44178082909416400,0.6122927280427890,1.0,0.03842988084941600,[0.85337978 1.58066555 1.06448933 0.18687805],,,,,,,,,,,,
0.4059996828128720,0.1739998640626590,0.63074950722714,0.637999501563084,1.0,0.05355535976423010,[0.66387458 1.04507883 0.7559907  1.03797324],,,,,,,,,,,,
0.3032082857012390,0.8863011428190050,0.011661857142355300,0.3498557142706600,1.0,0.01976320752478800,[0.19011443 0.41476777 2.52118012 0.31984567],,,,,,,,,,,,
0.6126636467205350,0.38987686609488600,0.4455735612512980,0.5235489344702760,0.99609375,0.07591057934655410,[0.70114145 1.04266466 0.91291548 0.45411617],,,,,,,,,,,,
0.5148307865065470,0.4133148567728610,0.1957807216292500,0.7251137838120370,0.998046875,0.046778624345566300,[1.11360002 0.77556727 1.04426975 0.53817521],,,,,,,,,,,,
0.19564916482441000,0.46654800842744000,0.6320973017404020,0.5869474944732310,1.0,0.016147846206542300,[1.36883502 1.93040042 0.32816919 0.50274245],,,,,,,,,,,,
0.11973972921641200,0.5587854030099240,0.6545771863830540,0.494924214094504,0.998046875,0.03845411629675030,[1.29531546 2.21219339 0.51696977 0.28369215],,,,,,,,,,,,
0.22029476496172700,0.44058952992345400,0.7802106259061160,0.38551583868302200,1.0,0.023217762281924200,[0.9334492  2.25621541 0.35508875 0.13454743],,,,,,,,,,,,
0.04938407091216330,0.5037175233040660,0.3456884963851430,0.790145134594613,1.0,0.034344611142120200,[1.20507838 1.8696079  1.25356158 0.37539342],,,,,,,,,,,,
0.5149074509046440,0.055968201185287400,0.6268438532752190,0.5820692923269890,0.998046875,0.03218217438697910,[1.16407237 0.84566213 0.17475795 0.98760547],,,,,,,,,,,,
0.6084031478596330,0.5392664265119470,0.39407931168180800,0.42864767235565000,0.98828125,0.05669681137691000,[0.35480717 1.10981611 1.31216677 0.09648664],,,,,,,,,,,,
0.5868080854891770,0.3935907890476190,0.33634121973160100,0.6225890663116870,0.998046875,0.040858845687706000,[0.81821766 0.9730875  1.00553347 0.4493313 ],,,,,,,,,,,,
0.6726058085084000,0.5495681606105220,0.4839480817316540,0.10663262817816100,0.998046875,0.03524488722796730,[-0.48655659  0.72351654  1.44391162  0.20902997],,,,,,,,,,,,
0.5962643463276990,0.06625159403641100,0.645953041855007,0.4720426075094280,0.998046875,0.02912695078101410,[0.63491931 0.59072602 0.48170226 1.14896372],,,,,,,,,,,,
0.06798039117888690,0.45643976934395500,0.6603809428806150,0.5924005517017290,1.0,0.013490821396133600,[1.29570913 2.0873384  0.41856374 0.55283623],,,,,,,,,,,,
0.2878848690739520,0.7916833899533690,0.15593763741505700,0.5157937237574980,1.0,0.029369192541343300,[ 0.14666758  1.44564527  2.37026128 -0.33547745],,,,,,,,,,,,
0.07510833376263030,0.8154619094228430,0.20386547735571100,0.5364880983045020,1.0,0.014615409868166900,[ 1.54583642  1.86167557  1.32072785 -0.38970217],,,,,,,,,,,,
0.09284141650970550,0.9864400504156210,0.06963106238227910,0.11605177063713200,1.0,0.02759943881269050,[ 0.06117507  1.42474583  2.82901329 -1.06998332],,,,,,,,,,,,
0.6108729308835600,0.5429981607853860,0.5580814430294250,0.14329118131836600,1.0,0.04946856831547660,[-0.54118017  0.47956461  1.36871247  0.73341207],,,,,,,,,,,,
0.29268470350248200,0.6271815075053180,0.7108057085060270,0.1254363015010640,0.99609375,0.05128712734107100,[-1.02424826  0.34177807  1.64682257  1.17731148],,,,,,,,,,,,
0.06103129902174180,0.8370006722981730,0.4097815791459810,0.35746903712734500,0.974609375,0.10472851101505700,[ 1.67073589  2.39612167  1.20622637 -0.84283709],,,,,,,,,,,,
0.06807354804925050,0.36954211798164600,0.8168825765910060,0.43761566603089600,0.99609375,0.03577986409096390,[0.96139529 2.2634799  0.24428382 0.62319407],,,,,,,,,,,,
0.8466652101010210,0.03298695623770210,0.2419043457431490,0.4728130394070640,1.0,0.011852077346064200,[0.88578778 0.01741155 0.42856102 0.77677341],,,,,,,,,,,,
0.513239353660981,0.45621275880976100,0.14256648712805000,0.7128324356402510,0.994140625,0.07403136210154490,[1.12016435 0.78198583 1.01511758 0.38928684],,,,,,,,,,,,
0.32344426004383300,0.703491265595337,0.28301372753835400,0.5660274550767080,0.99609375,0.03467575889432020,[ 1.45249425  1.58274177  0.8889725  -0.22102887],,,,,,,,,,,,
0.20160921552593100,0.34273566639408200,0.5342644211437170,0.7459540974459440,0.990234375,0.07317504954920050,[0.87257331 1.5948108  0.92471168 0.67781278],,,,,,,,,,,,
0.5487790720730480,0.482661111582319,0.42315494714066300,0.5355554799749020,0.99609375,0.04434235026122420,[0.47199686 1.10654385 1.13254692 0.41956926],,,,,,,,,,,,
0.6993997236404570,0.10102440452584400,0.5517486708719160,0.44295315830562300,0.990234375,0.08034642450000940,[0.81452476 0.80682873 0.37462308 0.6718302 ],,,,,,,,,,,,
0.35815949130054600,0.46162778878737000,0.36611859110722500,0.7242780824077710,1.0,0.03984524733486190,[1.14911658 1.41948348 0.87206003 0.45001784],,,,,,,,,,,,
0.5938522968371140,0.30650441127076800,0.15325220563538400,0.7279479767680750,0.99609375,0.03681274904345860,[1.29160535 0.55714412 0.83767455 0.56512994],,,,,,,,,,,,
0.668302118596566,0.27653880769513100,0.6222123173140440,0.29958370833639200,0.98828125,0.06632228095694390,[0.35875658 1.12257053 0.36839723 0.47208625],,,,,,,,,,,,
0.010446748916101900,0.5745711903856030,0.19848822940593500,0.7939529176237420,0.998046875,0.012356747592520000,[2.26165574 1.81442824 0.57308568 0.49610528],,,,,,,,,,,,
0.5998313312901180,0.11159652675165000,0.7114278580417680,0.34873914609890600,0.9921875,0.0421971046541766,[0.47632205 0.81374572 0.24327758 0.9103507 ],,,,,,,,,,,,
0.5725633782537740,0.4245975614016750,0.4310308577865490,0.5532634890991530,0.99609375,0.06869089803211680,[0.63581352 0.93735915 0.90265553 0.46918895],,,,,,,,,,,,
0.4103049699311090,0.2872134789517760,0.582633057302175,0.6400757530925300,0.9921875,0.08775863321524380,[0.86627992 1.51299342 0.63891303 0.6309491 ],,,,,,,,,,,,
0.7633955208650860,0.12181843418059900,0.20303072363433100,0.6009709419576210,1.0,0.009125858981328100,[1.06793931 0.04673172 0.91235335 1.08321417],,,,,,,,,,,,
0.46475800154489000,0.8159084916010290,0.25819888974716100,0.2272150229775020,1.0,0.016255886371775600,[-0.33016344  0.73773827  2.24344677 -0.14372784],,,,,,,,,,,,
0.05280151935389810,0.9187464367578260,0.021120607741559200,0.39073124321884600,0.994140625,0.018194730082344700,[ 3.03065578  2.01379231 -0.13049658 -0.36074464],,,,,,,,,,,,
0.6347781822744740,0.21445208860624100,0.2830767569602380,0.6862466835399720,0.990234375,0.11107963143425400,[1.27586536 0.51770299 0.87965086 0.90925554],,,,,,,,,,,,
0.36275402904155600,0.6662829104844900,0.6514766235848350,0.007403143449827670,0.998046875,0.019518273328851400,[-1.05354773  0.30894498  1.80895695  0.76910557],,,,,,,,,,,,
0.5885916388162640,0.5150176839642310,0.14101674679973000,0.6069851275292720,1.0,0.01983272034747240,[0.74239508 0.60448258 1.4542744  0.5406342 ],,,,,,,,,,,,
0.659222851992356,0.44167931083487900,0.38894148267549000,0.46804822491457300,1.0,0.02006150846192600,[0.6020788  1.00015752 0.87412765 0.24199905],,,,,,,,,,,,
0.6885866091753530,0.06523452086924390,0.7103314494651010,0.1304690417384880,0.9921875,0.08518699466970070,[0.22532639 0.85461803 0.01553615 0.87051496],,,,,,,,,,,,
0.10587903282459900,0.5955695596383690,0.29116734026764700,0.741153229772192,1.0,0.05893414336386910,[1.24261373 1.75021274 1.27640412 0.31065968],,,,,,,,,,,,
0.373262821651341,0.7068168324887100,0.4209133946281080,0.4288551567909020,0.990234375,0.0750410432608286,[ 1.06845037  1.75514815  1.03397688 -0.37358834],,,,,,,,,,,,
0.6836056459442880,0.56207575333197,0.04557370972961920,0.46333271558446200,0.986328125,0.020007785098341600,[0.5334458  0.14499561 1.56295553 0.74288656],,,,,,,,,,,,
0.6566416218558120,0.7100891957277970,0.21379029548793900,0.1374366185279610,0.982421875,0.0829429495162124,[-0.02648396  1.08305224  1.55143451 -0.66097168],,,,,,,,,,,,
0.5968280990254730,0.3393728406223280,0.6085306107710710,0.3978853993503150,0.994140625,0.03873962641743610,[0.28235748 1.02634351 0.79301414 0.61690907],,,,,,,,,,,,
0.6920482882659110,0.1553577789984700,0.6920482882659110,0.1341726273168600,0.99609375,0.027673355342153400,[0.12743567 0.68222192 0.18059067 0.88580905],,,,,,,,,,,,
0.20717872079041000,0.7533771665105800,0.6215361623712290,0.056503287488293500,1.0,0.0845735775622538,[-1.46391682  0.38738855  2.93880072  0.01031284],,,,,,,,,,,,
0.35325641875953100,0.658026662395204,0.006926596446265310,0.6649532588414690,0.998046875,0.04611513367809930,[0.73478933 0.66860297 2.06612715 0.66895648],,,,,,,,,,,,
0.5317125412070760,0.09523209693261060,0.5237765331293580,0.6586886704505570,0.990234375,0.05994527203737040,[0.85761333 0.68078765 0.6758348  1.15006599],,,,,,,,,,,,
0.36036612619389300,0.7374934675595950,0.5279782779119830,0.2178957972335170,0.9609375,0.19529464267434600,[-0.55970249  1.09147657  2.19155631 -0.03168075],,,,,,,,,,,,
0.5445372552462140,0.653444706295457,0.4283693074603550,0.3049408629378800,0.990234375,0.06767790946573560,[-0.15164217  0.503763    1.61434188  0.60739698],,,,,,,,,,,,
0.7614253050818070,0.1110411903244300,0.15863027189204300,0.6186580603789680,1.0,0.02851406949581610,[1.16942534 0.22075363 0.48758627 0.51480852],,,,,,,,,,,,
0.332978264628232,0.6042938876586430,0.5179661894216940,0.50563366110213,0.994140625,0.06953709924819890,[1.25221418 1.91189158 0.46701306 0.01014836],,,,,,,,,,,,
0.6336853092521660,0.2727253229692860,0.6978559734802330,0.19251199268420200,0.994140625,0.03660936936735380,[0.02026004 1.08451717 0.63912851 0.58718346],,,,,,,,,,,,
0.496406404643071,0.3495819751007540,0.3775485331088150,0.6991639502015090,1.0,0.021862536510390800,[0.91915581 1.04350603 0.99724202 0.66403199],,,,,,,,,,,,
0.11204987329289300,0.1890841611817570,0.6933085909997760,0.6863054739189710,0.994140625,0.019189472612294500,[0.85578437 1.68711012 0.7425147  1.13112971],,,,,,,,,,,,
0.1849733005589420,0.7720624718981940,0.3699466011178850,0.4825390449363720,0.958984375,0.12009406196106400,[0.00490248 1.00648753 2.45183425 0.1701697 ],,,,,,,,,,,,
0.15161960871578100,0.8844477175087210,0.40431895657541500,0.17688954350174400,1.0,0.012197131182092900,[-0.79881694  0.49537788  2.99175816 -0.01959334],,,,,,,,,,,,
0.4526143258799990,0.31683002811599900,0.7543572097999980,0.3545478886059990,0.98046875,0.08410118663766930,[0.3939833  1.41803129 0.57576942 0.71344644],,,,,,,,,,,,
0.21620729640724900,0.6784435852779200,0.4696917128847140,0.5218796809830150,0.9609375,0.15814395981768900,[ 0.52968568  1.98512331  1.86664186 -0.36313272],,,,,,,,,,,,
0.46534004059768900,0.46534004059768900,0.03102266937317930,0.7522997322995970,0.994140625,0.059366899207884200,[ 1.91989652  0.67237066  0.34096002 -0.13297361],,,,,,,,,,,,
0.5913994085949270,0.7791452525933170,0.06571104539943630,0.197133136198309,1.0,0.01057666169661660,[ 0.10976858 -0.13033621  1.8888983   0.58548471],,,,,,,,,,,,
0.6751120884603010,0.6469824181077890,0.21566080603593000,0.2812967035251260,0.990234375,0.09447060201396910,[ 0.5580107   0.92115827  1.05730045 -0.27981055],,,,,,,,,,,,
0.7016042636173420,0.18932178542055300,0.23386808787244700,0.6459213855524740,0.998046875,0.05581408819444130,[1.05584056 0.45988957 0.60763693 0.59965386],,,,,,,,,,,,
0.049233015938949300,0.334784508384855,0.9157340964644560,0.21662527013137700,0.99609375,0.02303943574413750,[0.72967733 2.54371356 0.05389145 0.40421247],,,,,,,,,,,,
0.1754527333373350,0.1292809614064570,0.5263582000120040,0.8218575403696210,0.994140625,0.06979136498929780,[0.94038883 1.52962082 0.94882339 1.12822822],,,,,,,,,,,,
0.5149784855549230,0.2077983362765480,0.027104130818680200,0.8311933451061920,0.986328125,0.11175380997020800,[2.06806408 0.64485741 0.4130117  0.19865029],,,,,,,,,,,,
0.5941925602016150,0.007073720954781120,0.622487444020739,0.5093079087442410,0.998046875,0.03302992833326410,[0.73438986 0.69407781 0.38352965 1.0650617 ],,,,,,,,,,,,
0.5988315470897330,0.6861611477069860,0.3742697169310830,0.17465920123450500,0.986328125,0.08253046790081090,[-0.21757333  1.05597542  1.73362402 -0.23687366],,,,,,,,,,,,
0.20205800166540500,0.6196445384405760,0.4175865367751710,0.6331150718849360,1.0,0.030232419211241400,[ 0.79910551  1.83098867  1.43195893 -0.04040384],,,,,,,,,,,,
0.9605372916267280,0.15843914088688300,0.06931712413801130,0.21785381871946400,0.98828125,0.05354443092830240,[ 0.57580024  0.58870579  0.18397227 -0.37592393],,,,,,,,,,,,
0.08840216156535960,0.12376302619150300,0.7248977248359490,0.671856427896733,0.974609375,0.09399446107733040,[0.61686688 2.14081178 0.8838601  0.74436836],,,,,,,,,,,,
0.2594619246975860,0.8369739506373750,0.460335672850556,0.14228557160835400,1.0,0.010706748822448600,[-0.79619086  0.3102075   2.51110513  0.2955542 ],,,,,,,,,,,,
0.4092685649608210,0.6705038191911320,0.1480333107305100,0.6008410847297150,0.9921875,0.0866604494968167,[ 0.71863601  1.32265064  1.59218197 -0.13285586],,,,,,,,,,,,
0.30873273901456200,0.6086445426287080,0.6968538966328680,0.2205233850104010,0.99609375,0.04908011160810940,[-0.81799979  0.45702668  1.71139732  1.12121912],,,,,,,,,,,,
0.7169281790988650,0.19345681023302700,0.11379812366648600,0.6600291172656220,0.98828125,0.09786432859324840,[1.18668215 0.23405175 0.53058226 0.49225943],,,,,,,,,,,,
0.0543526425198644,0.5525851989519550,0.6975255790049270,0.4529386876655370,1.0,0.009357473252937970,[1.5219075  2.34513208 0.07693215 0.53441938],,,,,,,,,,,,
0.31841106017903900,0.5306851002983980,0.010613702005968000,0.7854139484416280,0.998046875,0.03845482126049970,[ 2.21975339  0.99670024  0.46949268 -0.12863665],,,,,,,,,,,,
0.6191438984261640,0.2008034265165940,0.6442443267407380,0.4016068530331870,1.0,0.04155846327412830,[0.50965462 1.2933229  0.41686324 0.4026683 ],,,,,,,,,,,,
0.09636791806146250,0.5974810919810670,0.09636791806146250,0.7902169281039920,0.998046875,0.014061996869454100,[2.47934932 1.57948264 0.46020907 0.26462228],,,,,,,,,,,,
0.4717872415271830,0.6320168707250950,0.6142135785919930,0.02670493819965190,0.94140625,0.266995419963641,[-0.70155248  0.65064754  1.45770892  0.30462188],,,,,,,,,,,,
0.27318521406453200,0.49383481003973100,0.5568775517469310,0.6094131698362640,0.99609375,0.07217667181132070,[0.62647778 1.82877558 1.28933223 0.20305276],,,,,,,,,,,,
0.6236780102494320,0.24947120409977300,0.706835078282689,0.22175218142202000,0.978515625,0.05415480680928460,[0.10387362 1.0865706  0.42803669 0.58216101],,,,,,,,,,,,
0.10076365940837100,0.020152731881674200,0.2317564166392540,0.9673311303203630,1.0,0.0360320820982168,[ 2.96766424  0.78454168 -0.23943676  0.75364661],,,,,,,,,,,,
0.10899105319257100,0.12880760831849300,0.8521118704146490,0.4954138781480520,0.984375,0.07090174722659990,[0.52733462 2.23404672 0.53719616 0.7449457 ],,,,,,,,,,,,
0.2391391697310590,0.4123089133294110,0.5195092307950580,0.7091713309265870,0.994140625,0.07653293749687500,[0.89148966 1.61495637 1.12453701 0.61947144],,,,,,,,,,,,
0.596327331897452,0.09276202940627030,0.5897014726541470,0.5366945987077070,1.0,0.020924821798617100,[0.86351279 0.75816941 0.42009494 0.97401489],,,,,,,,,,,,
0.3244018677711900,0.9342773791810270,0.03892822413254280,0.14273682181932400,0.998046875,0.019546553961971700,[-0.16225742  0.91162763  2.55076085 -0.66841305],,,,,,,,,,,,
0.06467961133707130,0.20841208097500700,0.704289101225887,0.6755426072983000,1.0,0.03567701890555490,[0.76523944 1.94654239 0.90057527 0.92425971],,,,,,,,,,,,
0.2000311183722530,0.6400995787912090,0.4267330525274730,0.6067610590625000,0.98828125,0.06472119435331590,[ 0.82890006  1.86593226  1.4353005  -0.22105616],,,,,,,,,,,,
0.9459800492443960,0.11662767730410400,0.20733809298507300,0.22029672379664000,0.998046875,0.01248896948056260,[0.40923896 0.40126088 0.14875403 0.0254332 ],,,,,,,,,,,,
0.532636058545723,0.07917563032436420,0.48225156652112800,0.6909873191944520,0.99609375,0.03006084555458440,[0.9318393  0.57137424 0.92578984 1.44625313],,,,,,,,,,,,
0.5349874773155110,0.38409357345729000,0.5555639187507230,0.5075522220685620,1.0,0.031230974588872600,[0.40694755 1.21810069 1.00336303 0.52274247],,,,,,,,,,,,
0.44324100107505100,0.10497813183356500,0.7581753965757460,0.46656947481584300,0.998046875,0.08115499887155940,[0.80275521 1.06678484 0.32929416 0.99645036],,,,,,,,,,,,
0.051606087012589000,0.5971561497171020,0.6119007460064130,0.5160608701258900,0.998046875,0.022746540727254500,[ 1.04091302  2.64819265  1.22888232 -0.29451281],,,,,,,,,,,,
0.7096921893772000,0.5161397740925090,0.19355241528469100,0.4387188079786330,1.0,0.030218907417842300,[0.47494221 0.43261843 1.20803379 0.44409962],,,,,,,,,,,,
0.0384138349138015,0.4763315529311390,0.6760834944829060,0.5608419897415020,0.998046875,0.026440168658634300,[1.15412637 2.30445749 0.58892448 0.45063147],,,,,,,,,,,,
0.2631123459879530,0.9340488282572320,0.21048987679036200,0.11840055569457900,1.0,0.008599608775803030,[ 2.2223642   1.98601198  0.28513655 -0.96049867],,,,,,,,,,,,
0.23920433275306000,0.7750220381199150,0.5836585719174670,0.038272693240489600,1.0,0.01484826302097350,[-1.05919199 -0.20878355  1.62643477  1.29207416],,,,,,,,,,,,
0.2951121065109470,0.9541958110520610,0.0,0.04918535108515780,0.9921875,0.03596083746135070,[-0.04473229 -0.24165781  2.45146166  0.42718867],,,,,,,,,,,,
0.3453863666257920,0.6216954599264260,0.4647016569147020,0.5274991781193920,0.974609375,0.14649174070526600,[0.42984809 1.47159487 1.45171911 0.18360456],,,,,,,,,,,,
0.2371045259343570,0.6424767799511610,0.6577738461404750,0.3135898568809240,1.0,0.04309360410327520,[ 1.4324802   2.34779693  0.31634546 -0.12477045],,,,,,,,,,,,
0.7097035830997380,0.3452612025890620,0.5946165155700510,0.15344942337291600,0.98046875,0.162980127307492,[0.12995568 1.14118825 0.51129165 0.03627413],,,,,,,,,,,,
0.8620183138310480,0.033585129110300600,0.5037769366545090,0.04478017214706740,0.998046875,0.008575390865203950,[0.09801503 0.50571991 0.11549309 0.56446032],,,,,,,,,,,,
0.10024348998245500,0.23904216841970000,0.6014609398947290,0.7556816937138910,0.998046875,0.02030280957087460,[0.94081866 1.75575358 0.93401882 0.91243325],,,,,,,,,,,,
0.058846389239287800,0.6389036545979820,0.12609940551276000,0.7565964330765570,1.0,0.05496293643569540,[0.99628985 1.65617287 1.87082392 0.212994  ],,,,,,,,,,,,
0.07713732785400770,0.30854931141603100,0.07713732785400770,0.9449322662115950,0.9921875,0.017263193918537400,[2.40423696 1.61868539 0.58801034 1.00729661],,,,,,,,,,,,
0.816567392825082,0.513647230970616,0.26340883639518800,0.0,0.998046875,0.021639293312097300,[-0.21664485  0.36768542  1.11368475  0.1863816 ],,,,,,,,,,,,
0.4092685649608210,0.3918528813454670,0.47893129942223700,0.6705038191911320,0.986328125,0.062468628818945400,[0.88810424 1.24227082 0.90490025 0.70334723],,,,,,,,,,,,
0.06417479348158530,0.30483026903753,0.9305345054829860,0.19252438044475600,0.998046875,0.01778815867844700,[0.69304941 2.54685138 0.11628821 0.33664815],,,,,,,,,,,,
0.6773174389349300,0.35338301161822400,0.35338301161822400,0.5398907121945100,1.0,0.02595761201622760,[0.7106505  0.60988326 0.92237954 0.63267563],,,,,,,,,,,,
0.6264654797008020,0.7410628235485100,0.07639822923180510,0.22919468769541500,0.9921875,0.036347437238313400,[0.12781888 0.15763782 1.7160788  0.4095835 ],,,,,,,,,,,,
0.05778319966569880,0.876378528263098,0.15408853244186300,0.4526350640479740,1.0,0.012362617577682600,[ 2.04270732  1.8325728   0.81818032 -0.4466536 ],,,,,,,,,,,,
0.306684986530365,0.7851135655177340,0.2208131903018630,0.490695978448584,1.0,0.024408252837044500,[-0.51381374  1.40822136  2.83340754 -0.32161747],,,,,,,,,,,,
0.1327329683004750,0.30971025936777400,0.5663273314153590,0.7521534870360230,0.998046875,0.03579422774045070,[0.63149636 1.82358721 1.22891085 0.75340685],,,,,,,,,,,,
0.19302285912054600,0.437518480673237,0.16728647790447300,0.8621687707384380,1.0,0.021547654684465200,[2.55007214 1.22691348 0.07836828 0.33693541],,,,,,,,,,,,
0.4509327389513300,0.5797706643659960,0.6084013144581440,0.30062182596755300,0.95703125,0.19697817538738800,[-0.10729967  1.18819714  1.44550544  0.32605442],,,,,,,,,,,,
0.3251390897106560,0.21204723241999300,0.6926876259053100,0.6078687329373130,0.998046875,0.018922012033477300,[0.63446899 1.46340412 0.75235799 0.84435343],,,,,,,,,,,,
0.5767045987348170,0.14208664026799800,0.8023716156310500,0.05850626363976400,0.99609375,0.04889455732473030,[ 0.44955697  1.76840399 -0.15331441  0.20749786],,,,,,,,,,,,
0.0,0.3182040530977880,0.7903778093074100,0.5234969905802320,1.0,0.010362360768996000,[0.88785062 2.28985415 0.53406719 0.72110791],,,,,,,,,,,,
0.48528861541806300,0.8225230769797680,0.2961083077127160,0.016450461539595400,0.990234375,0.0663626432660578,[-0.38329912  0.68977379  2.19834259 -0.42434422],,,,,,,,,,,,
0.3174903160729490,0.34923934768024300,0.6032316005386020,0.6429178900477210,0.994140625,0.06405257933727240,[0.57686668 1.40974651 1.02791709 0.86173928],,,,,,,,,,,,
0.9042596197667200,0.17431510742491000,0.3486302148498200,0.17431510742491000,1.0,0.01482458964686270,[0.26107048 0.4543911  0.37739471 0.29199405],,,,,,,,,,,,
0.5634578483619410,0.11862270491830300,0.41517946721406200,0.7043223104524270,1.0,0.03404872689257240,[0.98108817 0.47262609 1.02236063 1.29030125],,,,,,,,,,,,
0.0,0.6318505504135180,0.5415861860687290,0.5544810952608420,0.984375,0.11869566775411200,[1.68115424 2.25458749 0.64773344 0.40786904],,,,,,,,,,,,
0.49503586614264300,0.11786568241491500,0.47932044182065500,0.7150518066504850,0.98828125,0.0931499996641007,[1.16415596 0.89195255 0.38247666 0.82268482],,,,,,,,,,,,
0.09311340423149670,0.8041612183629260,0.27934021269449,0.5163561507383000,0.994140625,0.03881928311981680,[ 1.42094864  1.95639123  1.14212412 -0.34382624],,,,,,,,,,,,
0.7313097329929560,0.09603057099907500,0.11819147199886200,0.664827029993596,0.998046875,0.01706379982014010,[1.39198293 0.24627702 0.19125862 0.27046391],,,,,,,,,,,,
0.11890133383420200,0.8414555932881970,0.4115815401953140,0.3292652321562510,0.998046875,0.0493763741449849,[ 1.62711298  2.23432006  0.77293803 -0.44134922],,,,,,,,,,,,
0.12861885936930300,0.26527639744918600,0.651132975557094,0.6993650478205830,0.994140625,0.056386123333144700,[1.00569955 1.73562136 0.63373939 0.7644275 ],,,,,,,,,,,,
0.25330416540102900,0.20988059418942400,0.7164889249914820,0.6151672588310700,0.998046875,0.01507708339565890,[0.6324296  1.53070993 0.78678922 0.89271023],,,,,,,,,,,,
0.4128591947346910,0.8167431895838460,0.39490879496361800,0.08077679896983090,1.0,0.026889677432431000,[-0.80230009  0.42954682  2.39327197 -0.02767825],,,,,,,,,,,,